ID,Excerpt,Feature,SubFeature,GoldSummary,t5_summary,flan_t5_summary
1.0,I might have seen him in the lobby,Hedge,Modal verb,The deponent says they might have seen him in the lobby,"he might have seen him in the lobby . he's a tycoon, but he doesn't seem to mind if you've seen him .","I might have seen him in the lobby, I might have seen him in the lobby, I might have seen him in the lobby."
2.0,I probably saw the car at the intersection,Hedge,Adverbial hedge,The deponent states they probably saw the car at the intersection,the car was probably at the intersection . i probably saw the car at the junction .,"I probably saw the car at the intersection, I probably saw the car at the intersection, I probably saw the car at the intersection,"
3.0,I don't know if the door was locked,Hedge,Phrase hedge,The deponent says they don't know if the door was locked,I don't know if the door was locked or if it was locked .,"I don't know if the door was locked, I don't know if the door was locked, I don't know"
4.0,It seems the file was misplaced,Hedge,Lexical hedge,The deponent indicates it seems the file was misplaced,the file appears to have been misplaced . it seems the file was lost .,"It seems the file was misplaced, it seems the file was misplaced, it seems the file was misplaced."
5.0,I think he was present that day,Hedge,Phrase hedge,The deponent thinks he was present that day,"I think he was present that day that day . he had a great time, and was a good man .","I think he was present that day, I think he was present that day, I think he was present."
6.0,there is likely a discrepancy in the report,Hedge,Adverbial hedge,The deponent suggests there is likely a discrepancy in the report,there is likely a discrepancy in the report . the report is likely to be a skewed interpretation of the findings . there is also a likely discrepany in the data .,"The report is based on a number of factors, including a lack of a clear definition of what constitutes a ""deficit"""
7.0,he wouldn't remember the details,Hedge,Modal verb,The deponent says he wouldn't remember the details,"he wouldn't remember the details . he won't recall the details, but he'd like to be able to tell you.","he wouldn't remember the details, he told the jury he'd never heard of it."
8.0,maybe the document is outdated,Hedge,Discourse marker,The deponent posits maybe the document was outdated,maybe the document is outdated . the document may be outdated if the document has not been updated .,"the document may be outdated, but it's still a good document to keep in your possession."
9.0,She possibly left before noon,Hedge,Adverbial hedge,The deponent indicates she possibly left before noon,"She possibly left before noon, according to a spokesman for the fbi .","She may have left before noon, according to a police report, but she did not say when she did so."
10.0,I assume the meeting was postponed.,Hedge,Phrase hedge,The deponent states that they assume the meeting was postponed.,the meeting was postponed . i assume it was rescheduled .,I assume the meeting was postponed. I assume the meeting was cancelled. I assume the meeting was postponed.
11.0,It could be that the email got lost.,Hedge,Modal verb,The deponent states that it could be that the email got lost.,it could be that the email got lost . the email could have been lost if the email was not opened properly .,"It could be that the email got lost, or that the email was not delivered to the intended recipient."
12.0,Perhaps they misplaced the file.,Hedge,Discourse marker,The deponent states that perhaps they misplaced the file.,"a file may have been misplaced, but it's possible they've redirected it .",The judge ruled that the defendants did not have the right to file a lawsuit against them.
13.0,I suspect he might have left early.,Hedge,Phrase hedge,The deponent states that they suspect he might have left early.,"he might have left early, he says . he's a good guy, but i'm not sure if he left early .",I suspect he might have left early. I suspect he might have left early. I suspect he might have left early. I suspect he might have left early.
14.0,I reckon she was unaware.,Hedge,Phrase hedge,The deponent states that they reckon she was unaware.,"I reckon she wasn't aware of it . she's a good woman, but she didn't know what she was doing .",I don't think she was aware of the fact that she was in a coma.
15.0,It appears they didn’t receive the notice.,Hedge,Lexical hedge,The deponent states that it appears they didn’t receive the notice.,it appears they didn’t receive the notice . the notice appears to have been sent to them by a different company than the one they received .,"It appears they didn’t receive the notice, according to a lawyer for the plaintiffs in the lawsuit."
16.0,They seem to have forgotten the deadline.,Hedge,Lexical hedge,The deponent states that they seem to have forgotten the deadline.,the deadline seems to have forgotten the deadline . the deadline has been pushed back to the end of november .,"They seem to have forgotten the deadline, according to a spokesman for the U.S. Department of Justice."
17.0,I would say the report is incomplete.,Hedge,Phrase hedge,The deponent states that they would say the report is incomplete.,"the report is incomplete, i would say . the report has not been properly drafted .",I would say the report is incomplete. I would say the report is incomplete. I would say the report is incomplete.
18.0,I bet the date has changed.,Hedge,Phrase hedge,The deponent states that they bet the date has changed.,I bet the date has changed . i bet it's been a long time since i last saw you .,I bet the date has changed. I bet the date has changed. I bet the date has changed.
19.0,I’m not entirely certain.,Hedge,Phrase hedge,The deponent states that they aren’t entirely certain.,I’m not entirely certain if this is a good thing or not . i’m unsure if it’s a bad thing or something.,I’m not entirely certain. I’m not entirely certain. I’m not entirely certain.
,,,,,,
20.0,"“If she can testify tomorrow, the court will proceed.”",Conditional,Real,"“The deponent says that if she can testify tomorrow, the court will proceed.”","'If she can testify tomorrow, the court will proceed,' said the judge .",She said she will testify tomorrow if she is unable to testify in a hearing.
21.0,"“If they will arrive on time, we can start the meeting.”",Conditional,Real,"“The deponent states that if they will arrive on time, we can start the meeting.”","if they will arrive on time, we can start the meeting,” he said .","“If they will arrive on time, we can start the meeting,” he said, referring to a spokesman."
22.0,"“If it is raining, the event moves indoors.”",Conditional,Real,"“The deponent explains that if it is raining, the event moves indoors.”","'if it is raining, the event moves indoors,' says a spokesman .","“If it is raining, the event moves indoors,” he said. “If it is raining, the event moves outdoors.”"
23.0,"“If you could provide the documents, I’d appreciate it.”",Conditional,Real,"“The deponent requests that if you could provide the documents, they would appreciate it.”","“If you could provide the documents, I’d appreciate it,” he said .","“If you could provide the documents, I’d appreciate it,” he told the jury."
24.0,"“If we are late, they will leave without us.”",Conditional,Real,"“The deponent warns that if we are late, they will leave without us.”","'If we are late, they will leave without us,' he says .","“If we are late, they will leave without us,” he said, referring to a witness who was questioned by the police."
25.0,"“If he had known the truth, he would have acted differently.”",Conditional,Unreal,"“The deponent says that if he had known the truth, he would have acted differently.”","if he had known the truth, he would have acted differently,” he said .","He said he would have acted differently if he had known the truth, but he did not."
26.0,"“If they would have informed me, I could have prepared.”",Conditional,Unreal,"“The deponent explains that if they would have informed them, they could have prepared.”","'If they would have informed me, I could have prepared,' he said .","“If they would have informed me, I could have prepared,” he told the jury."
27.0,"“If she had seen the sign, she wouldn’t have entered.”",Conditional,Unreal,"“The deponent states that if she had seen the sign, she wouldn’t have entered.”","if she had seen the sign, she wouldn’t have entered,” he said .","“If she had seen the sign, she wouldn’t have entered,” he said."
28.0,"“If we had taken a taxi, we wouldn’t have been late.”",Conditional,Unreal,"“The deponent reports that if we had taken a taxi, we wouldn’t have been late.”","if we had taken a taxi, we wouldn’t have been late,” he said .","“If we had taken a taxi, we wouldn’t have been late,” he said."
29.0,“They would have noticed the error if it had been obvious.”,Conditional,Unreal,“The deponent says they would have noticed the error if it had been obvious.”,"“They would have noticed the error if it had been obvious,” he says .","“They would have noticed the error if it had been obvious,” he told the jury."
30.0,"If you submit the report by Monday, we will review it.",Conditional,Real – Future,"The deponent states that if you submit the report by Monday, we will review it.","if you submit the report by Monday, we will review it . cnn.com's ireport.com: tell us what you think .","If you submit a report by Monday, we will review it. If you submit a report by Monday, we will review it."
31.0,"If the contract is signed today, the transaction will close tomorrow.",Conditional,Real – Future,"The deponent says that if the contract is signed today, the transaction will close tomorrow.","if the contract is signed today, the transaction will close tomorrow . the transaction is expected to close on tuesday .","If the contract is signed today, the transaction will close tomorrow, according to the attorney general's office."
32.0,"If the evidence is admissible, the jury can consider it.",Conditional,Real – Present,"The deponent explains that if the evidence is admissible, the jury can consider it.","if the evidence is admissible, the jury can consider it . bob greene: a jury can decide if a trial is warranted .",Decide whether or not the evidence is admissible. Decide whether or not the evidence is admissible.
33.0,"If the witnesses are present, we can start the hearing.",Conditional,Real – Present,"The deponent reports that if the witnesses are present, we can start the hearing.","if the witnesses are present, we can start the hearing . the hearing will be held at a later date .",Identify the witness. Identify the witness. Identify the witness. Identify the witness. Identify the witness.
34.0,"If the defendant pleads guilty, sentencing will follow immediately.",Conditional,Real – Future,"The deponent warns that if the defendant pleads guilty, sentencing will follow immediately.","if the defendant pleads guilty, sentencing will follow immediately . cnn.com's ireport.com: share your thoughts on ""sentencing""","If the defendant pleads guilty to a charge, he or she will be sentenced to a maximum of 10 years in prison."
35.0,"If she had told me, I might have warned him.",Conditional,Unreal – Counterfactual,"The deponent says that if she had told them, they might have warned him.","bob greene: if she had told me, he might have been warned . he says he'd have gotten a better deal if he hadn't told her.",I might have warned him if he had told me that he didn't know what he was doing.
36.0,"If they would have disclosed the document, we could have complied.",Conditional,Unreal – Counterfactual,"The deponent explains that if they would have disclosed the document, we could have complied.","bob greene: if they would have disclosed the document, we could have complied . he says they could have done so.","We could have complied if they would have disclosed the document, but it was a confidential document."
37.0,"If I were in your position, I would reconsider.",Conditional,Unreal – Subjunctive,"The deponent says that if they were in your position, they would reconsider.","timothy stanley: if you were in my position, i would reconsider.","I would reconsider if I were in your position, if I were in your position."
38.0,"If he had taken the earlier train, he wouldn’t have been delayed.",Conditional,Unreal – Counterfactual,"The deponent reports that if he had taken the earlier train, he wouldn’t have been delayed.","if he had taken the earlier train, he wouldn’t have been delayed .",He said he would have taken the earlier train if he hadn’t been delayed.
39.0,"If we were to negotiate, we might reach an agreement.",Conditional,Unreal – Hypothetical,"The deponent indicates that if we were to negotiate, we might reach an agreement.","aaron carroll: if we were to negotiate, we might reach an agreement.","If we were to negotiate, we might reach an agreement. If we were to negotiate, we might reach an agreement."
,,,,,,
40.0,“She arrived before noon.”,Temporal,Sequence Marker,“The deponent states that she arrived before noon.”,"'She arrived before noon,' a spokesman for the fbi says .","“She arrived before noon,” the prosecutor said, referring to the judge’s decision to dismiss the case."
41.0,“He left after the meeting ended.”,Temporal,Sequence Marker,“The deponent reports that he left after the meeting ended.”,"'He left after the meeting ended,' he said . 'he left after he left the meeting'","“He left after the meeting ended,” a witness told the court, according to a spokesman."
42.0,"“During the discussion, the witness took notes.”",Temporal,Concurrent Marker,"“The deponent notes that during the discussion, the witness took notes.”","During the discussion, the witness took notes,” he said . he added, “the witness did not take notes” .","“The witness took notes during the discussion,” the prosecutor said in a rebuttal to the case."
43.0,"“While I was reviewing, the phone rang.”",Temporal,Concurrent Marker,"“The deponent explains that while they were reviewing, the phone rang.”","“While I was reviewing, the phone rang,” a customer service representative said . the phone was ringing and a voicemail rang .","“I was reviewing the phone ringing,” he said, referring to a phone call he received from a friend."
44.0,"“By the time I arrived, they had already left.”",Temporal,Sequence Marker,"“The deponent says that by the time they arrived, everyone had already left.”","“By the time I arrived, they had already left,” he says . he adds: “by the time i arrived, ... they had left” .",“It was a long time since I’ve seen them. I’ve never seen them again.”
45.0,"“Within two hours, the response was received.”",Temporal,Duration Span,"“The deponent states that within two hours, the response was received.”","“Within two hours, the response was received,” a spokesman said . he added that he had received a “very positive response” from the public .","“The response was received within two hours,” the prosecutor said, according to the New York Daily News."
46.0,"“Yesterday, I signed the document.”",Temporal,reference Point,"“The deponent confirms that yesterday, they signed the document.”","“Yesterday, I signed the document,” he said . the document was signed by a man he had not seen in a long time .","“I signed the document yesterday,” he said, pointing out that he had signed the document."
47.0,“The judge announced the verdict this morning.”,Temporal,relative daytime,“The deponent reports that the judge announced the verdict this morning.”,“The judge announced the verdict this morning.” judge: “The verdict is expected to be in the next few days.”,The judge ruled that the defendants were guilty of conspiracy to commit a felony and a misdemeanor felony.
48.0,“They’ll finish the report by Friday.”,Temporal,relative deadline,“The deponent indicates they’ll finish the report by Friday.”,"“They’ll finish the report by Friday,” a spokesman told cnn .","“They’ll finish the report by Friday,” he said, according to the New York Daily News."
49.0,“She had called two days before the hearing.”,Temporal,relative offset,“The deponent says she had called two days before the hearing.”,"'she had called two days before the hearing,' says a witness . the hearing will be held on thursday .","“She had called two days before the hearing,” a lawyer for the district attorney said in a statement."
50.0,"At three o’clock, the meeting commenced.",Temporal,Absolute Time,"The deponent states that at three o’clock, the meeting commenced.",the meeting commenced at three o’clock . the meeting was called off at a later date .,"The meeting was adjourned until three o’clock, when it was adjourned again."
51.0,"By next Monday, the documents must be submitted.",Temporal,Relative Deadline,"The deponent states that by next Monday, the documents must be submitted.","the documents must be submitted by next Monday . by next week, the documents will be submitted .","Prosecutors will submit the documents to the U.S. District Court for the Southern District of New York on Monday, the court said."
52.0,"As soon as the motion was filed, the hearing was scheduled.",Temporal,Sequence Marker,"The deponent reports that as soon as the motion was filed, the hearing was scheduled.","the hearing was scheduled as soon as the motion was filed . the hearing will be held on thursday, november 8 .","The hearing was scheduled to begin at 2:00 p.m. on Thursday, according to a press release from the court."
53.0,"Following the agreement, work began immediately.",Temporal,Sequence Marker,"The deponent states that following the agreement, work began immediately.",the work began immediately following the agreement . the agreement was signed by the parties to the fbi and cnn.,"During the trial, the judge ruled that the plaintiffs were not entitled to a fair trial and that the plaintiffs were entitled to a fair trial."
54.0,"Previously, I had never seen such evidence.",Temporal,Reference Point,"The deponent says that previously, they had never seen such evidence.","Previously, i had never seen such evidence before . cnn.com's john sutter says he was surprised to see such evidence .","I had never seen such evidence before, but now I can see it in my own mind."
55.0,"Over the next three weeks, the project progressed smoothly.",Temporal,Duration Span,"The deponent indicates that over the next three weeks, the project progressed smoothly.",the project progressed smoothly over the next three weeks . the project is expected to be completed by the end of the year .,"The project was completed in less than a week, according to a statement released by the company."
56.0,"Since Monday, I have been unavailable.",Temporal,Reference Point,"The deponent states that since Monday, they have been unavailable.","since Monday, I have been unavailable . since monday, i have not been able to post anything .","I have been unavailable since Monday, according to a lawyer for the plaintiffs, according to a witness."
57.0,"Until the deadline passes, we must remain vigilant.",Temporal,Relative Cut-off,"The deponent explains that until the deadline passes, we must remain vigilant.","we must remain vigilant . until the deadline passes, we must stay vigilant. cnn.com's john sutter says .","Until the deadline passes, we must remain vigilant. Until the deadline passes, we must remain vigilant."
58.0,"Meanwhile, the team continued its investigation.",Temporal,Concurrent Marker,"The deponent notes that meanwhile, the team continued its investigation.","meanwhile, the team continues its investigation . the team's investigation is still ongoing .","The team was unable to find any evidence of a criminal offense, but it was able to find evidence of a felony."
59.0,"Tomorrow, I will review the settlement offer.",Temporal,Relative Day,"The deponent says that tomorrow, they will review the settlement offer.","tomorrow, i will review the settlement offer . cnn.com's john avlon says the settlement is a good thing .",I will review the settlement offer tomorrow. I will review the settlement offer tomorrow. I will review the settlement offer tomorrow.
,,,,,,
60.0,“I … I saw him leave the room.”,Disfluency,Repetition,"“The deponent stammers, ‘I … I saw him leave the room.’”","“I ... I saw him leave the room,” he said . “He ... left the room.”","“I ... I saw him leave the room,” he said, pointing to a table in the room."
61.0,"“She said, ‘no … no, I didn’t agree to that.’”",Disfluency,Repetition,"“The deponent repeats, ‘no … no, I didn’t agree to that.’”","“She said, ‘no ... no, I didn’t agree to that.’”","“She said, ‘No ... no, I didn’t agree to that.’”"
62.0,"“Um, I think it was around 5 pm.”",Disfluency,Filled pause,"“The deponent begins with ‘Um,’ then says they think it was around 5 pm.”","“Um, I think it was around 5 pm,” he said . he added: “it was around 6 pm.”","It was around 5 p.m., according to a witness who was questioned by a witness."
63.0,"“Uh—I mean, I was at the store.”",Disfluency,Correction,"“The deponent says, ‘Uh—I mean, I was at the store.’”","“Uh—I mean, I was at the store,” he says . he adds, “i was at a store.”","“Uh—I mean, I was at the store,” he said, according to a witness."
64.0,"“I—I’m sorry, I forgot the address.”",Disfluency,Correction,"“The deponent apologizes, ‘I—I’m sorry, I forgot the address.’”","“I—I’m sorry, I forgot the address,” he said . “I forgot the . address.” he added .","“I—I’m sorry, I forgot the address,” he said, referring to a phone call he received from his wife."
65.0,"“They, they told me to wait outside.”",Disfluency,Repetition,"“The deponent repeats, ‘They, they told me to wait outside.’”","“They, they told me to wait outside,” he said . “It’s not like i’m going to be able to do that,” said a man .","“They, they told me to wait outside,” he said. “I don’t know if I’m going to be able to get out of here.”"
66.0,"“Well, um, I’m not entirely sure.”",Disfluency,Filled pause,"“The deponent hesitates with ‘Well, um, I’m not entirely sure.’”","“Well, um, I’m not entirely sure,” he said . “I don’t know what the hell is going on here.”","“Well, um, I’m not entirely sure,” he said, referring to the fact that he’s not sure if he’ll be able to get a divorce."
67.0,“I … I don’t recall his name.”,Disfluency,Stutter,"“The deponent stammers, ‘I … I don’t recall his name.’”","“I ... I don’t recall his name,” he says . he is not a lawyer, but a philanthropist and a writer .","“I don’t recall his name,” he said, referring to a man whose name he did not recognize."
68.0,"“No, no, sorry, that’s not correct.”",Disfluency,Repetition,"“The deponent repeats ‘No, no,’ then apologizes that it’s not correct.”","“No, no, sorry, that’s not correct,” a spokesman for the fbi says .","“No, no, sorry, that’s not correct,” he said. “It’s not correct.”"
69.0,“My bad—I didn’t recognize her.”,Disfluency,Correction,"“The deponent admits, ‘My bad—I didn’t recognize her.’”","“My bad—I didn’t recognize her,” she says . 'my bad—i didn't recognise her.","“My bad—I didn’t recognize her,” he said, pointing to a woman he didn’t recognize."
70.0,“S-s-she was late to the hearing.”,Disfluency,Stutter,"The deponent stutters, “S-s-she was late to the hearing.”",“S-s-she was late to the hearing.” “S.s.she ... was late.”,"“She was late to the hearing,” a lawyer told the court. “She was late to the hearing.”"
71.0,"“Um, I’m not sure what happened.”",Disfluency,Filled pause,"The deponent begins with “Um,” and says they’re not sure what happened.","“Um, I’m not sure what happened,” he says . he adds, “i don’t know what happened” .","“I’m not sure what happened,” he said. “I’m not sure what happened.”"
72.0,"“Well—no, I didn’t see him there.”",Disfluency,False start + correction,"The deponent starts “Well,” then corrects, “no, I didn’t see him there.”","“Well—no, I didn’t see him there,” he says .","“Well—no, I didn’t see him there,” he told the jury."
73.0,"“Uh, I mean, I was in the conference room.”",Disfluency,Correction,"The deponent says “Uh, I mean, I was in the conference room.”","“Uh, I mean, I was in the conference room,” he says .","“I mean, I was in the conference room,” he said, pointing to a table in the conference room."
74.0,“They… they asked me to sign.”,Disfluency,Repetition,"The deponent repeats, “They… they asked me to sign.”","they asked me to sign,” he said . “They... asked me... to sign.”","“They asked me to sign,” he said. “They asked me to sign. They asked me to sign.”"
75.0,"“I, I forgot the date.”",Disfluency,Filled pause + stutter,"The deponent stutters “I, I” and says they forgot the date.","'I, I forgot the date,' he said . 'i, I forget the date.","“I, I forgot the date,” he said, pointing out that he had forgotten the date of his wedding."
76.0,"“So, so, it was around 4 pm.”",Disfluency,Repetition,"The deponent repeats “So, so,” then says it was around 4 pm.","“So, so, it was around 4 pm. So, so,” he said .","It was around 4 p.m., according to a witness who was questioned by the jury."
77.0,“Let me… let me think about that.”,Disfluency,False start + repetition,"The deponent repeats the start, “Let me… let me think about that.”",“Let me... let me think about that.” – a spokesman for the fda .,"“Let me... let me think about that,” he said. “It’s not going to be easy.”"
78.0,“My bad—I forgot to mention the witness’s name.”,Disfluency,Apology correction,"The deponent apologizes, “My bad—I forgot to mention the witness’s name.”","“My bad—I forgot to mention the witness’s name,” a witness says .","“My bad—I forgot to mention the witness’s name,” he told the jury."
79.0,"“Uh-huh, I recall discussing it yesterday.”",Disfluency,Vocal affirmation + filled pause,"The deponent says “Uh-huh,” then recalls discussing it yesterday.","“Uh-huh, I recall discussing it yesterday,” he says . he adds, “i remember talking about it yesterday” .","“Uh-huh, I recall discussing it yesterday,” he said, referring to a remark he made to the judge."
,,,,,,
80.0,"I think, well, maybe it was around three o'clock when I saw him leaving the building. I'm not entirely sure about the exact time, but it seems like that's when it happened. You know, I could be wrong though.",Women's Speech,Multiple hedges + politeness,"The deponent thinks it was around three oclock when she saw him leaving, but she's not entirely sure of the exact time and acknowledges she could be wrong.","maybe it was around three o'clock when I saw him leaving the building . you know, i could be wrong though .","I think, well, maybe it was around three o'clock when I saw him leaving the building."
81.0,"It appears that the document might have been misplaced or something. I mean, I thought I had put it in the usual filing spot, but I can't be completely certain. Sorry if that's not very helpful.",Women's Speech,Hedging + apologetic politeness,"The deponent says it appears the document might have been misplaced, though she thought she put it in the usual spot but can't be completely certain, and apologizes if this isn't helpful.",it appears that the document might have been misplaced or something . john sutter: sorry if that's not helpful .,"I'm not sure if I've put the document in the usual filing spot, but I can't be completely sure."
82.0,"I suppose the meeting could have started earlier than scheduled. It's possible that they began without waiting for everyone. I don't want to say definitively, but that seems like what probably happened.",Women's Speech,Tentative assertions + hedging,"The deponent supposes the meeting could have started early and it's possible they began without waiting, but she doesn't want to say definitively, though that seems like what probably happened.",bob greene: it's possible that the meeting could have started earlier than planned . he says the meeting may have started without waiting for everyone . greene says it seems like that could have happened .,"I don't want to say definitively, but that seems like what happened probably started without waiting for everyone."
83.0,"Well, I think he might have been upset about the decision, you know? I mean, it seemed like he wasn't very happy when he left the room. But I could be misreading the situation entirely.",Women's Speech,Collaborative + hedged interpretation,"The deponent thinks he might have been upset about the decision and it seemed like he wasn't happy when leaving, but acknowledges she could be misreading the situation entirely.","lz granderson: it seemed like he wasn't very happy when he left the room . but he could be misreading the situation entirely, he says .","Well, I think he might have been upset about the decision, you know? Well, it seemed like he wasn't very happy when he left the room."
84.0,"I'm not sure if this is relevant, but it feels like there might have been some tension in the office that day. I don't want to speculate too much, but several people seemed a bit on edge, if that makes sense.",Women's Speech,Uncertainty + collaborative checking,"The deponent isn't sure if it's relevant, but feels there might have been tension that day and doesn't want to speculate too much, though several people seemed on edge.","it feels like there might have been some tension in the office that day . i don't want to speculate too much, but several people seemed a bit on edge .","I'm not sure if this is relevant, but it feels like there might have been some tension in the office that day."
85.0,"I believe the email was sent sometime in the morning, probably around nine-thirty or so. At least, that's my recollection, though I could certainly be mistaken about the timing.",Women's Speech,Qualified certainty + hedging,"The deponent believes the email was sent around nine-thirty in the morning, at least according to her recollection, though she could be mistaken about the timing.","bob greene: i believe the email was sent around nine-thirty or so . he says i could certainly be mistaken about the timing of the email . greene says it's a good email, but i'm not sure if it was sent early or late .","I believe the email was sent sometime in the morning, probably around nine-thirty or so."
86.0,"It's hard to say for sure, but I think maybe the project was running behind schedule. I mean, that's the impression I got from the conversations, but I don't want to make assumptions.",Women's Speech,Uncertainty + interpretive hedging,"The deponent says it's hard to say for sure, but thinks maybe the project was behind schedule based on her impression from conversations, though she doesn't want to make assumptions.","it's hard to say for sure, but i think maybe the project was running behind schedule . i don't want to make assumptions .","It's hard to say for sure, but I think maybe the project was running behind schedule."
87.0,"I suppose it's possible that I misunderstood the instructions. Perhaps they meant something different than what I initially thought. I should have asked for clarification, really.",Women's Speech,Self-doubt + responsibility-taking,"The deponent supposes it's possible she misunderstood the instructions and perhaps they meant something different than she initially thought, acknowledging she should have asked for clarification.",it's possible that i misunderstood the instructions . maybe they meant something different than what i initially thought .,I suppose it's possible that I misunderstood the instructions. Perhaps they meant something different than what I initially thought. I should have asked for clarification.
88.0,"Well, I think the contract might need some revisions, you know? I mean, there are a few clauses that seem a bit unclear to me. But maybe that's just my interpretation of the language.",Women's Speech,Tentative criticism + collaborative discourse,"The deponent thinks the contract might need revisions because some clauses seem unclear to her, but acknowledges that might just be her interpretation of the language.",there are a few clauses that seem a bit unclear to me . maybe that's just my interpretation of the language .,"I think the contract might need some revisions, you know. But maybe that's just my interpretation of the language."
89.0,"I'm pretty sure the deadline was supposed to be Friday, but I don't want to say that with complete certainty. It's possible I'm remembering wrong, so you might want to double-check that information.",Women's Speech,Qualified assertion + helpful suggestion,"The deponent is pretty sure the deadline was Friday but doesn't want to say that with complete certainty, noting it's possible she's remembering wrong and suggesting to double-check.","it's possible i'm remembering wrong, so you might want to double-check .","I'm pretty sure the deadline was supposed to be Friday, but I don't want to say that with complete certainty."
90.0,"If I remember correctly, and I might not be, the invoice was supposed to be processed last week. But I'm thinking there could have been a delay or something. I hope I'm not causing any confusion here.",Women's Speech,Memory hedging + apologetic concern,"The deponent thinks she remembers the invoice was supposed to be processed last week but acknowledges she might not remember correctly, suggesting there could have been a delay and hoping she's not causing confusion.",the invoice was supposed to be processed last week . but i'm thinking there could have been a delay or something .,"The invoice was supposed to be processed last week, but I'm thinking there could have been a delay."
91.0,"I sort of got the impression that he wasn't entirely comfortable with the arrangement, you know what I mean? But then again, I might be reading too much into his body language. It's just a feeling I had.",Women's Speech,Impression hedging + collaborative checking,"The deponent got the impression he wasn't entirely comfortable with the arrangement but acknowledges she might be reading too much into his body language, describing it as just a feeling.",lz granderson: he wasn't entirely comfortable with the arrangement . he says he might be reading too much into his body language . granderson says it was just a feeling .,"I sort of got the impression that he wasn't entirely comfortable with the arrangement, but then again, I might be reading too much into his body language."
92.0,"I want to say it was Tuesday when we discussed this, but I'm not one hundred percent certain. Actually, now that I think about it, it might have been Wednesday. Sorry, I know that's not very precise.",Women's Speech,Self-correction + apologetic uncertainty,"The deponent wants to say it was Tuesday when they discussed this but isn't certain, then thinks it might have been Wednesday, apologizing for not being precise.","bob greene: it might have been Tuesday, but i'm not one hundred percent certain . he says we discussed this on a tuesday, but that's not very precise . greene says he didn't know if it was Wednesday .","I want to say it was Tuesday when we discussed this, but I'm not one hundred percent certain."
93.0,"Well, from what I could tell, and I don't claim to be an expert or anything, the system seemed to be malfunctioning. But maybe someone with more technical knowledge would see it differently, I suppose.",Women's Speech,Expertise disclaimer + deference,"The deponent says from what she could tell the system seemed to be malfunctioning, but disclaims expertise and acknowledges someone with more technical knowledge might see it differently.",the system seemed to be malfunctioning . but maybe someone with more technical knowledge would see it differently .,"I don't claim to be an expert or anything, but maybe someone with more technical knowledge would see it differently."
94.0,"I believe, though I could be mistaken, that she mentioned something about needing additional resources. But I wasn't really part of that conversation directly, so I might not have the full context.",Women's Speech,Qualified belief + context disclaimer,"The deponent believes she mentioned needing additional resources but could be mistaken, noting she wasn't directly part of the conversation and might not have full context.","lz granderson: i could be mistaken, but she mentioned needing additional resources . he says i wasn't part of conversation directly, so i might not have full context . granderson says she didn't really have the full context of the conversation .","I believe, though I could be mistaken, that she mentioned something about needing additional resources. But I wasn't really part of that conversation directly."
95.0,"It kind of seemed like the client wasn't satisfied with the proposal, if I'm being honest. But I don't want to put words in anyone's mouth. That was just my perception at the time.",Women's Speech,Tentative observation + disclaimer,"The deponent says it seemed like the client wasn't satisfied with the proposal, but doesn't want to put words in anyone's mouth, noting it was just her perception.","the client wasn't satisfied with the proposal, if i'm being honest . but i don't want to put words in anyone's mouth .","I'm not going to put words in anyone's mouth, but I don't want to put words in anyone's mouth."
96.0,"I'm fairly certain, well, reasonably certain anyway, that the payment was processed before the end of the month. Though I suppose there's always a chance I'm confusing it with another transaction.",Women's Speech,Downgraded certainty + alternative possibility,"The deponent is fairly certain the payment was processed before month-end, downgrading to reasonably certain and acknowledging she might be confusing it with another transaction.",the payment was processed before the end of the month . though there's always a chance i'm confusing it with another transaction .,I'm fairly certain that the payment was processed before the end of the month. Though I suppose there's always a chance I'm confusing it with another transaction.
97.0,"If I understood him correctly, and I might not have because it was quite noisy, he said the shipment would arrive Thursday. But you know, I could have misheard. Maybe you should confirm with him directly.",Women's Speech,Conditional understanding + helpful deflection,"The deponent says if she understood correctly, he said the shipment would arrive Thursday, but notes it was noisy and she might have misheard, suggesting to confirm with him directly.","bob greene: if I understood correctly, he said shipment would arrive on friday . he says he could have misheard, but maybe you should confirm with him directly . greene says if he's correct, shipment will arrive Thursday .",I'm not sure if I understood him correctly or if he said the shipment would arrive Thursday.
99.0,"I have a vague recollection of discussing this issue, but I'm not entirely clear on all the details. It might have been during the quarterly review, or possibly earlier. I'm sorry I can't be more specific.",Women's Speech,Vague memory + temporal uncertainty,"The deponent has a vague recollection of discussing the issue but isn't clear on details, thinking it might have been during the quarterly review or earlier, apologizing for lack of specificity.","it might have been during the quarterly review, or perhaps earlier . john sutter: i'm sorry i can't be more specific.","I have a vague recollection of discussing this issue, but I'm not entirely clear on all the details."
100.0,"I tend to think that the problem started when we changed vendors, but that's just my opinion. Others might see it differently, and they could very well be right. I don't have all the information.",Women's Speech,Opinion hedging + deference to others,"The deponent tends to think the problem started when they changed vendors but frames it as just her opinion, acknowledging others might see it differently and could be right as she doesn't have all information.","the problem started when we changed vendors, but that's just my opinion . others might see it differently and they could very well be right .","I think the problem started when we changed vendors, but that's just my opinion. Others might see it differently."
,,,,,,
101.0,"I was, uh, I was walking to the parking lot, and I see—I saw—sorry, I saw the man with the blue jacket. He was, how do you say, he was moving very quickly towards the exit.",L2 Speech,Disfluency + self-correction + processing,"The deponent was walking to the parking lot and saw the man with the blue jacket moving very quickly towards the exit, with some hesitation in recounting the details.","bob greene says he saw a man with a blue jacket in a parking lot . he says the man with the blue jacket was moving very quickly towards the exit . greene: he's a good guy, but he doesn't look like a jerk .","I was, uh, I was walking to the parking lot, and I see—I saw—sorry, I saw the man with the blue jacket."
102.0,"The meeting, it was supposed to be at ten-thirty, but I think—no, I know—it was delayed because the, um, the main presenter, she was not there yet. We wait maybe fifteen minutes.",L2 Speech,Repetition + self-correction + filled pauses,"The deponent explains the meeting was supposed to be at ten-thirty but was delayed because the main presenter wasn't there yet, and they waited maybe fifteen minutes.","the meeting was supposed to be at ten-thirty, but it was delayed . the main presenter was not there yet . we wait maybe fifteen minutes .","It was supposed to be at ten-thirty, but it was delayed because the main presenter was not there yet."
103.0,"Um, the document, I remember it was—it was very important, yes? And, uh, and it had the, the signatures from both parties. I put it in the, how to say, the filing cabinet on the second floor.",L2 Speech,Filled pauses + confirmation seeking + processing,"The deponent remembers the document was very important and had signatures from both parties, explaining they put it in the filing cabinet on the second floor.","the document had the signatures from both parties . it was in the, how to say, the filing cabinet on the second floor .","The document, I remember it was—it was very important, yes? And, uh, and it had the signatures from both parties. I put it in the filing cabinet on the second floor."
104.0,"I-I was trying to understand what he was saying, but his, um, his English was—was also not perfect, you know? So we both struggle a little bit to communicate the details of the agreement.",L2 Speech,Repetition + empathetic acknowledgment + processing difficulty,"The deponent was trying to understand what he was saying, but notes his English wasn't perfect either, so they both struggled to communicate the agreement details.","we struggled a little bit to communicate the details of the agreement . i-i was trying to understand what he was saying, but his English was not perfect, you know?","I-I was trying to understand what he was saying, but his English was—was also not perfect, you know? So we both struggled a little bit to communicate the details of the agreement."
105.0,"The, uh, the supervisor, she told me that I need to, to finish the report by Wednesday. But I was confused because I thought—I thought she said Thursday before. So I ask her again to be sure.",L2 Speech,Filled pauses + repetition + confusion processing,"The deponent explains the supervisor told her to finish the report by Wednesday, but she was confused because she thought it was Thursday before, so she asked again to be sure.","the supervisor told me that I need to, to finish the report by Wednesday . but I was confused because I thought—I thought she said Thursday before .","The supervisor told me that I need to finish the report by Wednesday, but I was confused because I thought—I thought she said Thursday before."
106.0,"In my country, we, we do this process differently, yes? So when I see the American way, I was, um, I was surprised and needed time to, to understand the correct procedure for filing the paperwork.",L2 Speech,Cultural reference + repetition + processing time,"The deponent explains that in her country they do this process differently, so she was surprised by the American way and needed time to understand the correct paperwork filing procedure.","in my country, we do this process differently, yes? so when i see the american way, i was surprised and needed time to understand the correct procedure .","In my country, we do this process differently, yes? So when I see the American way, I was surprised and needed time to, to understand the correct procedure for filing the paperwork."
107.0,"He was, uh, he was angry, I think. His face was, how do you say, red? And he was speaking very loud to the other employees. I feel uncomfortable, so I leave the room quickly.",L2 Speech,Processing + word searching + emotional response,"The deponent thinks he was angry, describing his red face and loud speaking to other employees, which made her feel uncomfortable so she left the room quickly.","cnn's john sutter talks to a man who was angry, angry and angry . he says he feels uncomfortable, so he leaves the room quickly .","I feel uncomfortable, so I leave the room quickly. I feel uncomfortable, so I leave the room quickly."
108.0,"The computer system, it was—it was not working properly that day. I try many times to, to login, but always it shows error message. So I go to IT department for help with this problem.",L2 Speech,Repetition + processing difficulty + sequential narrative,"The deponent explains the computer system wasn't working properly that day, and despite trying many times to login, it always showed error messages, so she went to IT for help.","the computer system, it was—it was not working properly that day . I try many times to, to login, but always it shows error message .","I tried many times to, to login, but always it shows error message. So I go to IT department for help with this problem."
109.0,"I want to explain that the, the delay was not my fault, you understand? The shipping company, they deliver the materials one week late, and this make everything—everything behind schedule for our project.",L2 Speech,Emphasis + confirmation seeking + consequence explanation,"The deponent wants to explain the delay wasn't her fault, noting the shipping company delivered materials one week late, which put everything behind schedule for the project.",the shipping company delivers the materials one week late . this makes everything—everything behind schedule for our project .,"I want to explain that the delay was not my fault. The shipping company, they deliver the materials one week late, and this make everything—everything behind schedule for our project."
110.0,"Um, the contract, I read it very carefully, yes, but some words, some legal words I don't understand completely. So I, I ask my colleague to help me to understand the meaning of these terms.",L2 Speech,Processing + acknowledgment of limitation + help-seeking,"The deponent read the contract carefully but didn't completely understand some legal words, so she asked her colleague to help her understand the meaning of these terms.","some words, some legal words i don't understand completely . i ask my colleague to help me to understand the meaning of these terms .","I read the contract very carefully, but some words, some legal words I don't understand completely. So I, I ask my colleague to help me to understand the meaning of these terms."
111.0,"The customer, he was—how can I explain—he was not happy with the service, I think. He speak very fast and I, I cannot catch all the words, but I understand he want to cancel the order, yes?",L2 Speech,Word searching + comprehension difficulty + confirmation,"The deponent explains the customer wasn't happy with the service, noting he spoke very fast and she couldn't catch all the words, but understood he wanted to cancel the order.","the customer was not happy with the service, I think . he spoke very fast and I, I cannot catch all the words, but he want to cancel the order, yes?","The customer was not happy with the service, I think. He spoke very fast and I, I cannot catch all the words, but I understand he want to cancel the order, yes."
112.0,"When I arrive to the office—arrived, sorry—when I arrived to the office, the door was already open. This is, um, this is strange because usually I am the first person to come in the morning.",L2 Speech,Grammar self-correction + observation,"The deponent says when she arrived at the office the door was already open, which was strange because she's usually the first person to come in the morning.","when i arrive to the office, the door was already open . usually, i am the first person to come in the morning .","When I arrive to the office—arrived, sorry—when I arrived to the office, the door was already open."
113.0,"I remember the date very clear—clearly—because it was my daughter birthday. She turn, um, she turned eight years old that day, so I know for sure it was March fifteenth.",L2 Speech,Adverb correction + tense correction + certainty,"The deponent remembers the date clearly because it was her daughter's birthday when she turned eight, so she knows for sure it was March fifteenth.","she turned eight years old that day, so I know for sure it was March 15th . cnn's john sutter remembers the date very clearly because it was her daughter's birthday .",I remember the date very clearly—clearly—because it was my daughter's birthday.
114.0,"The, the training session, it last—lasted—for three hours, maybe more. We have to, we had to complete many exercises, and some of them were, how to say, complicated for me to understand at first.",L2 Speech,Tense corrections + word searching + difficulty acknowledgment,"The deponent says the training session lasted for three hours or more, and they had to complete many exercises, some of which were complicated for her to understand at first.","the training session lasts for three hours, maybe more . some of the exercises were, how to say, complicated for me to understand .","The training session, it last—lasted—for three hours, maybe more. We have to, we had to complete many exercises, and some of them, how to say, complicated for me to understand at first."
115.0,"My manager, she explain to me—explained, sorry—she explained that I must to follow the new protocol. But the instructions, they were in, um, in technical English, so I need extra time to study them carefully.",L2 Speech,Tense correction + modal construction + language barrier,"The deponent's manager explained she must follow the new protocol, but the instructions were in technical English, so she needed extra time to study them carefully.","the instructions are in technical English, so i need extra time to study them carefully . my manager explain to me that i must follow the new protocol .","My manager, she explained to me—explained, sorry—she explained that I must to follow the new protocol. But the instructions, they were in technical English, so I need extra time to study them carefully."
116.0,"I-I notice something was wrong when the, when the numbers don't match—didn't match. So I check again and again, maybe three or four times, to make sure I was not making mistake myself.",L2 Speech,Repetition + tense inconsistency + verification process,"The deponent noticed something was wrong when the numbers didn't match, so she checked three or four times to make sure she wasn't making a mistake herself.","when the numbers don't match, I check again and again to make sure I wasn't making a mistake . i-I-I check again, maybe three or four times, to see if I made a wrong decision .","I notice something was wrong when, when the numbers don't match—didn't match. So I check again and again, maybe three or four times, to make sure I was not making mistake myself."
117.0,"The email, it was send—sent—on Monday morning, I believe. But the, um, the attachment, it was too large, so the email bounce back. I have to compress the file and send again.",L2 Speech,Passive voice attempt + technical issue explanation,"The deponent believes the email was sent Monday morning, but the attachment was too large so it bounced back, and she had to compress the file and send it again.","the attachment was too large, so the email bounce back . i have to compress the file and send again .","The email was sent on Monday morning, I believe. But the attachment was too large, so the email bounced back."
118.0,"During the conference call, I, I try to explain our position, but the connection was, was not good. Sometimes my voice cut off, and I have to repeat myself many times. It was, how you say, frustrating experience.",L2 Speech,Technical difficulty + repetition + emotion expression,"The deponent tried to explain their position during the conference call, but the connection was poor and her voice cut off, requiring her to repeat herself many times in what was a frustrating experience.","bob greene: sometimes my voice cut off, and i have to repeat myself many times . he says the connection was, how you say, frustrating experience .","During the conference call, I try to explain our position, but the connection was, was not good. Sometimes my voice cut off, and I have to repeat myself many times."
119.0,"I work with him for, for two years now—no, wait, almost three years. Time pass so quickly, yes? He always very professional, but that day he seem, he seemed different, more stress than usual.",L2 Speech,Time correction + observation + tense mixing,"The deponent has worked with him for almost three years, noting time passes quickly, and while he's always professional, that day he seemed different and more stressed than usual.","bob greene: i work with him for, for two years now—no, wait, almost three years . he always very professional, but that day he seemed different, more stress than usual, he says . greene says he's a good guy, but he doesn't seem to have a lot of energy .","I work with him for two years now—no, wait, almost three years. He always very professional, but that day he seem, he seemed different, more stress than usual."
120.0,"The accident happen—happened—in front of the building main entrance. I was inside, but I hear a loud noise, like, like something crash. So I run outside to see what, what was the problem.",L2 Speech,Tense correction + sound description + action sequence,"The deponent says the accident happened in front of the building's main entrance, and though she was inside, she heard a loud crash-like noise and ran outside to see what the problem was.",a loud crash happened in front of the building's main entrance . the accident happened and i ran outside to see what was the problem .,"I was inside, but I hear a loud noise, like, like something crash. So I run outside to see what, what was the problem."
,,,,,,
121.0,"I think I saw him leave around two o'clock, but I'm not entirely certain about the exact time. It could have been closer to two-thirty, actually. You know, I was quite busy that day with the quarterly reports, so I wasn't really paying close attention to people coming and going. I suppose it's possible I'm confusing that day with another day that week, but I'm fairly sure it was Tuesday. Sorry if that's not very helpful.",Women's Speech,Multiple hedges across sentences ,"The deponent thinks she saw him leave around two o'clock but isn't certain of the exact time, possibly two-thirty, and was busy with quarterly reports so wasn't paying attention to people coming and going, acknowledging she might be confusing Tuesday with another day that week, though she's fairly sure it was Tuesday.","it's possible I'm confusing that day with another day that week . it could have been closer to two-thirty, though .","I think I saw him leave around two o'clock, but I'm not entirely certain about the exact time."
122.0,"Well, from what I remember, and please correct me if I'm wrong, the meeting was supposed to start at ten. But I think there was some confusion about the room booking, you know? Someone mentioned that maybe the calendar wasn't updated properly. I don't want to blame anyone specifically, but it seems like there might have been a miscommunication between departments. At least, that's the impression I got from the emails afterwards.",Women's Speech,Collaborative storytelling and uncertainty,"The deponent remembers the meeting was supposed to start at ten but thinks there was confusion about the room booking, possibly due to the calendar not being updated properly, and believes there might have been a miscommunication between departments based on her impression from subsequent emails.",the meeting was supposed to start at 10 a.m. et . but it seems like there might have been a miscommunication .,"I don't want to blame anyone specifically, but it seems like there might have been a miscommunication between departments."
123.0,"I believe the contract was signed in March—no wait, actually it might have been early April. I'm sorry, I should have checked my records before coming here. I remember it was around the time of the spring conference, but I can't recall the exact date. If I had to guess, I'd say probably the first week of April, but I could be mistaken. Would it help if I looked through my emails later and got back to you with the specific date?",Women's Speech,Self-correction and apologetic hedging ,"The deponent believes the contract was signed in March but then corrects to possibly early April, apologizing for not checking records beforehand, remembering it was around the spring conference but unable to recall the exact date, guessing probably the first week of April while acknowledging possible error and offering to check emails later.","I think the contract was signed in March—no wait, actually it might have been early April . if I had to guess, I'd say probably the first week of April, but i could be mistaken .","I'm sorry, I should have checked my records before coming here. I remember it was around the time of the spring conference, but I can't recall the exact date."
124.0,"So, I was working late that evening because I need to—needed to—finish the presentation for next day. The office was very quiet, only maybe two or three people still there. Then I hear—heard—someone in the supply room, making lot of noise, like they were looking for something, you understand? I go to check what is happening, and I see the new employee, he was taking boxes of, um, office supplies. When he see me, he just leave everything and walk away very fast. I didn't know what to do, so I just go back to my desk.",L2 Speech,Extended narrative with processing difficulties ,"The deponent was working late to finish a presentation for the next day when the office was quiet with only two or three people present, heard someone making noise in the supply room, went to check and saw the new employee taking boxes of office supplies, who then left everything and walked away quickly when he saw her, and she didn't know what to do so returned to her desk.","bob greene: i was working late because I need to—needed to—finish the presentation for next day . greene says he hears someone in the supply room making lot of noise . when he sees me, he just leave everything and walk away very fast .","I was working late that evening because I needed to—needed to—finish the presentation for next day. The office was very quiet, only maybe two or three people still there. Then I hear—heard—somebody in the supply room, making lot of noise, like they were looking for something, you understand? I go to check what is happening, and I see the new employee, he was taking boxes of office supplies. When he sees me, he just leave everything and walk away very fast."
125.0,"In my previous company in Brazil, we have—we had—different system for reporting these things, yes? Here, I was not sure about the correct procedure. I try to ask my supervisor, but she was in meetings all day. So I wait until next morning to report the incident. Maybe I should have email her immediately, but in my culture, we don't like to, how do you say, interrupt the boss when they are busy. I realize now maybe this was mistake on my part.",L2 Speech,Cultural perspective with language processing ,"The deponent explains that her previous company in Brazil had a different reporting system and she was unsure about the correct procedure here, tried to ask her supervisor who was in meetings all day, so waited until the next morning to report the incident, noting that in her culture they don't interrupt busy bosses, and now realizes this may have been a mistake.","in my previous company in Brazil, we have—we had—different system for reporting things . maybe I should have email her immediately, but in my culture, we don't like to interrupt the boss .","In my previous company in Brazil, we have—we had—different system for reporting these things, yes? In my previous company in Brazil, we have—we had—different system for reporting these things, yes?"
126.0,"The computer system, it crash—crashed—around eleven o'clock that morning. I was entering the data from the invoices when suddenly the screen freeze. I wait maybe five minutes, ten minutes, but nothing happen. So I try to restart the computer, but when it come back on, all my morning work was gone. The IT person, he explain to me later that the, um, the automatic save function was not working properly that day. He say something about server problems, but I don't understand all the technical words he use.",L2 Speech,Technical explanation with comprehension challenges ,"The deponent reports the computer system crashed around eleven o'clock that morning while entering invoice data, the screen froze and after waiting five to ten minutes she restarted the computer but all morning work was lost, and IT later explained the automatic save function wasn't working properly due to server problems she didn't fully understand.","bob greene says he was entering data from invoices when suddenly the screen freeze . greene: when it come back on, all my morning work was gone . he says the IT person said something about server problems, but he don't understand it .",The computer system crashed around eleven o'clock that morning. I was entering the data from the invoices when suddenly the screen freeze.
127.0,"I think—well, I'm pretty sure—the incident happen around lunchtime, maybe twelve-thirty or one o'clock? I was in the break room, heating my, my lunch in the microwave, when I hear the alarm go off. At first, I wasn't sure if it was real emergency or just practice, you know? We have—we had—so many false alarms recently. But then I see people running towards the exits, so I leave my food and follow them outside. I'm sorry I cannot be more specific about the exact time. Everything happen so quickly, and I was, how do you say, confused about what was going on.",Women's Speech ,Mixed features,"The deponent thinks the incident happened around lunchtime, maybe twelve-thirty or one o'clock, when she was heating lunch in the break room and heard an alarm, initially unsure if it was a real emergency or practice due to recent false alarms, but saw people running to exits so left her food and followed them outside, apologizing for not being more specific about the time as everything happened quickly and she was confused.",bob greene was in the break room when he hears an alarm go off . he says he wasn't sure if it was real emergency or just practice . greene: we have had—we had—so many false alarms recently .,"I was in the break room, heating my, my lunch in the microwave, when I hear the alarm go off. At first, I wasn't sure if it was real emergency or just practice."
